publish_time,video_ID,Title,viewCount,likeCount,dislikeCount,favoriteCount,commentCount
2017-04-15T18:39:59.000Z,Kae-JjbLsgA,Star Wars Battlefront II: Full Length Reveal Trailer,15709336,267501,12337,0,44251
2018-06-09T18:08:33.000Z,zX0AV6yxyrQ,FIFA 19 | Official Reveal Trailer with UEFA Champions League,13936660,270537,12889,0,23466
2017-04-15T18:39:59.000Z,Kae-JjbLsgA,Star Wars Battlefront II: Full Length Reveal Trailer,15710188,267508,12337,0,44250
2018-05-23T20:27:21.000Z,fb1MR85XFOc,Battlefield 5 Official Reveal Trailer,14072855,346542,528858,0,226849
2017-06-13T08:55:22.000Z,SE_FnuD9zJc,Monster Hunter: World - PS4 Announcement Trailer | E3 2017,400584,6827,220,0,617
2017-06-18T16:23:59.000Z,tg1GLSnmiQY,Monster Hunter World E3 2017 Trailer Reaction,288671,2150,73,0,122
2017-06-11T22:30:06.000Z,oBI0MU73nlc,"DRAGON BALL FighterZ - E3 2017 Trailer  | XB1, PS4, PC",2266832,18959,737,0,2804
2018-04-05T15:00:05.000Z,DFD22Yru-UU,Spyro Reignited Trilogy - All Scaled Up Reveal Trailer | PS4,1031774,37463,366,0,6708
2018-06-21T22:29:31.000Z,VczqgqwVssI,Sekiro: Shadows Die Twice - Reveal Trailer | PS4,296570,6504,132,0,828
2019-03-11T13:00:07.000Z,rXMX4YJ7Lks,Sekiro: Shadows Die Twice - Official Launch Trailer | PS4,1381383,38833,436,0,4193
2017-12-13T00:06:13.000Z,zwySqKsdm50,Overkills The Walking Dead - Aidan: The First Trailer | PS4,2262951,68179,1200,0,4740
2018-03-19T14:20:15.000Z,8EPxVNB1IGg,Overkill&#39;s The Walking Dead - Aidan Trailer Behind the Scenes,11432,170,6,0,22
2018-07-20T12:38:55.000Z,90zvVi3dkW8,Marvel’s Spider-Man | Velocity Suit Reveal | PS4,59684,1147,23,0,105
2018-07-20T03:16:58.000Z,wgQ1ji7Z9hQ,Marvel&#39;s Spider-Man PS4 | SDCC 2018 Story Trailer! Velocity Suit Reveal! REACTION &amp; REVIEW,4991,231,2,0,108
2018-07-24T05:48:08.000Z,kQB_-KkYeaU,Marvel&#39;s Spider-Man | Velocity Suit Reveal | PS4,2340,46,2,0,4
2018-07-20T05:27:40.000Z,vNvPduhedkw,Marvel Spider-Man Velocity suit reveal(ps4)!,86,19,1,0,12
2018-07-25T00:06:35.000Z,peB2QrjDQL0,"Marvel’s Spider-Man Velocity Suit Reveal Trailer Reaction | DREAD DADS PODCAST | Rants, Reviews",116,0,0,0,0
2018-05-23T20:27:21.000Z,fb1MR85XFOc,Battlefield 5 Official Reveal Trailer,14115025,346791,530160,0,226895
2017-04-15T18:39:59.000Z,Kae-JjbLsgA,Star Wars Battlefront II: Full Length Reveal Trailer,15722516,267588,12341,0,44240
2017-04-15T18:39:59.000Z,Kae-JjbLsgA,Star Wars Battlefront II: Full Length Reveal Trailer,15722538,267588,12341,0,44240
2017-04-15T18:39:59.000Z,Kae-JjbLsgA,Star Wars Battlefront II: Full Length Reveal Trailer,15722553,267588,12341,0,44240
2017-04-15T18:39:59.000Z,Kae-JjbLsgA,Star Wars Battlefront II: Full Length Reveal Trailer,15722593,267588,12341,0,44240
2017-04-15T18:39:59.000Z,Kae-JjbLsgA,Star Wars Battlefront II: Full Length Reveal Trailer,15722605,267588,12341,0,44240
2017-04-15T18:39:59.000Z,Kae-JjbLsgA,Star Wars Battlefront II: Full Length Reveal Trailer,15722614,267588,12341,0,44240
2018-05-23T20:27:21.000Z,fb1MR85XFOc,Battlefield 5 Official Reveal Trailer,14115412,346795,530174,0,226896
2018-05-23T20:27:21.000Z,fb1MR85XFOc,Battlefield 5 Official Reveal Trailer,14115417,346796,530176,0,226895
2018-05-23T20:27:21.000Z,fb1MR85XFOc,Battlefield 5 Official Reveal Trailer,14115417,346797,530177,0,226895
2018-05-23T20:27:21.000Z,fb1MR85XFOc,Battlefield 5 Official Reveal Trailer,14115417,346796,530178,0,226895
2016-10-20T15:00:20.000Z,gmA6MrX81z4,Red Dead Redemption 2 Trailer,17853181,330928,8641,0,43503
2016-10-20T15:00:20.000Z,gmA6MrX81z4,Red Dead Redemption 2 Trailer,17853245,330929,8641,0,43503
2018-11-02T15:00:03.000Z,WbCR4aS0NA4,MLB The Show 19 - Announce Trailer | PS4,163494,1466,80,0,232
2018-11-02T15:00:03.000Z,WbCR4aS0NA4,MLB The Show 19 - Announce Trailer | PS4,163494,1466,80,0,232
2018-11-02T15:00:03.000Z,WbCR4aS0NA4,MLB The Show 19 - Announce Trailer | PS4,163494,1466,80,0,232
2018-06-09T18:08:33.000Z,zX0AV6yxyrQ,FIFA 19 | Official Reveal Trailer with UEFA Champions League,13964553,270762,12890,0,23472
2017-04-26T17:05:23.000Z,D4Q_XYVescc,Official Call of Duty®: WWII Reveal Trailer,23962873,1067186,103661,0,159563
2017-04-26T17:05:23.000Z,D4Q_XYVescc,Official Call of Duty®: WWII Reveal Trailer,23962878,1067185,103661,0,159563
2017-04-26T17:05:23.000Z,D4Q_XYVescc,Official Call of Duty®: WWII Reveal Trailer,23962878,1067185,103661,0,159563
2017-04-26T17:05:23.000Z,D4Q_XYVescc,Official Call of Duty®: WWII Reveal Trailer,23962880,1067185,103661,0,159563
2017-04-26T17:05:23.000Z,D4Q_XYVescc,Official Call of Duty®: WWII Reveal Trailer,23962910,1067185,103661,0,159563
2017-04-26T17:05:23.000Z,D4Q_XYVescc,Official Call of Duty®: WWII Reveal Trailer,23962919,1067185,103661,0,159562
2018-05-23T20:27:21.000Z,fb1MR85XFOc,Battlefield 5 Official Reveal Trailer,14115864,346798,530194,0,226895
2018-12-07T13:01:21.000Z,hA6hldpSTF8,Marvel Studios&#39; Avengers - Official Trailer,99143403,3263027,50883,0,296671
2015-07-11T19:09:23.000Z,0WWzgGyAH6Y,Batman v Superman: Dawn of Justice - Comic-Con Trailer [HD],74094574,466449,19587,0,93352
2015-11-25T05:15:53.000Z,uVdV-lxRPFo,Captain America: Civil War - Trailer World Premiere,60367178,356830,11078,0,55587
2015-12-13T20:39:47.000Z,LbduDRH2m2M,Independence Day: Resurgence | Official Trailer [HD] | 20th Century FOX,26856839,96135,6215,0,14977
2015-12-14T16:03:45.000Z,XRVD32rnzOw,Star Trek Beyond - Trailer (2016) - Paramount Pictures,18853055,67708,26922,0,19398
2015-07-13T20:00:04.000Z,PLLQK9la6Go,Suicide Squad - Comic-Con First Look [HD],70255009,454473,20054,0,54631
2015-12-10T01:30:01.000Z,qoWqNuHrK0E,The Legend of Tarzan - Official Trailer #1,27517,356,26,0,96
2016-04-25T19:38:27.000Z,17SGrfN6IGA,X-Men: Apocalypse - Official Domestic Trailer #4,91751,2681,79,0,406
2018-04-24T03:45:03.000Z,u9Mv98Gr5pY,VENOM - Official Trailer (HD),79691518,1405670,51771,0,130150
2018-04-09T00:45:48.000Z,jPEYpryMp2s,Solo: A Star Wars Story Official Trailer,18784904,215407,26946,0,31859
2018-01-30T13:55:41.000Z,8_rTIAOohas,Marvel Studios&#39; Ant-Man and the Wasp - Official Trailer #1,16841315,350626,7053,0,26439
2017-04-26T17:05:23.000Z,D4Q_XYVescc,Official Call of Duty®: WWII Reveal Trailer,23980093,1067302,103667,0,159502
2017-10-03T07:57:49.000Z,52x5HJ9H8DM,PADDINGTON 2 - Official Film Trailer (International),5043918,12106,1045,0,695
2018-04-26T16:27:01.000Z,_07ktacEGo8,LEAVE NO TRACE | Official Trailer,4509274,8134,441,0,1001
2018-09-04T13:01:53.000Z,SYb-wkehT1g,THE FAVOURITE | Official Trailer | FOX Searchlight,9737469,33267,1302,0,2029
2017-12-08T02:06:14.000Z,xF8PJyV49oM,"Jurassic World: Fallen Kingdom Official Trailer (2018) Chris Pratt, Bryce Dallas Howard",238982,5757,328,0,771
2017-10-16T13:00:07.000Z,xjDjIWPwcPU,Marvel Studios&#39; Black Panther - Official Trailer,44747748,450130,17397,0,53621
2017-12-08T01:44:25.000Z,vn9mMeWcgoM,Jurassic World: Fallen Kingdom - Official Trailer [HD],63567542,633307,34431,0,70032
2018-03-08T16:04:13.000Z,Bf6D-i8YpHg,THE GRINCH Official Trailer (2018),16012453,68542,8487,0,4429
2018-03-22T12:59:16.000Z,D86RtevtfrA,Deadpool 2 | The Trailer,46899581,631193,16698,0,30981
2018-03-29T13:00:04.000Z,hCF5Y8dQpR4,First Reformed | Official Trailer HD | A24,5687905,10577,558,0,1056
2018-06-25T00:20:04.000Z,3MM8OkVT0hw,The Hate U Give | Official Trailer [HD] | 20th Century FOX,19207808,220799,9003,0,21209
2018-03-20T12:28:59.000Z,FhwktRDG_aQ,WON&#39;T YOU BE MY NEIGHBOR? - Official Trailer [HD] - In Select Theaters June 8,5450796,115784,2568,0,10007
2018-03-14T13:00:05.000Z,y8lFgF_IjPw,Eighth Grade | Official Trailer HD | A24,6169030,66901,5833,0,8618
2018-06-27T15:59:13.000Z,rI054ow6KJk,MANDY - Official Trailer,3970505,21395,809,0,2623
2017-12-13T14:00:03.000Z,89OP78l9oF0,Annihilation (2018) - Official Trailer - Paramount Pictures,18480389,70771,6330,0,12713
2016-10-20T02:16:41.000Z,4mcVodJmBlU,A Cure for Wellness | Teaser Trailer [HD] | 20th Century FOX,5079608,9195,424,0,890
2017-06-01T13:00:34.000Z,Mq4m3yAoW8E,Murder on the Orient Express | Official Trailer [HD] | 20th Century FOX,12997766,73365,5136,0,8637
2017-03-23T16:45:12.000Z,Jit3YhGx5pU,"THREE BILLBOARDS OUTSIDE EBBING, MISSOURI | Official Red Band Trailer | FOX Searchlight",8958832,36810,1800,0,3115
2017-07-19T13:59:40.000Z,XFYWazblaUA,THE SHAPE OF WATER | Official Trailer | FOX Searchlight,23321741,117140,6942,0,9856
2017-09-05T13:00:06.000Z,cNi_HC839Wo,Lady Bird | Official Trailer HD | A24,15544278,88248,2850,0,3281
2017-05-08T16:35:21.000Z,gCcx85zbxz4,BLADE RUNNER 2049 - Official Trailer,29284261,168911,9716,0,17892
2016-12-14T15:00:12.000Z,F-eMt3SrfFU,Dunkirk - Trailer 1 [HD],41583257,265150,10002,0,30462
2016-12-03T23:03:40.000Z,dW1BIid8Osg,Guardians of the Galaxy Vol. 2 Teaser Trailer,21356615,244644,3993,0,17557
2016-10-08T19:15:30.000Z,XGk2EfbD_Ps,John Wick: Chapter 2 Official Trailer #1 (2017) Keanu Reeves Action Movie HD,18633272,82473,1856,0,6882
2016-12-09T14:00:12.000Z,UEP1Mk6Un98,War for the Planet of the Apes | Teaser Trailer [HD] | 20th Century FOX,15962094,88286,3703,0,7696
2016-08-23T13:20:05.000Z,DBUXcNTjviI,La La Land (2016 Movie) Official Teaser Trailer – &#39;Audition (The Fools Who Dream)&#39;,5653944,24758,850,0,1803
2017-06-28T13:00:13.000Z,AXCTMGYUg9A,The Greatest Showman | Official Trailer [HD] | 20th Century FOX,21138929,94923,2726,0,5321
2016-11-03T16:00:54.000Z,1Q8fG0TtVAY,WONDER WOMAN - Official Trailer [HD],27610944,233087,9111,0,26082
2017-09-28T14:00:00.000Z,LtJ60u7SUSw,Darkest Hour - Official International Trailer (Universal Pictures) HD,5295278,13458,834,0,2480
2017-04-14T15:56:13.000Z,zB4I68XVPzQ,Star Wars: The Last Jedi Official Teaser,45085861,593372,30984,0,50522
2016-12-25T04:59:46.000Z,H0VW6sg50Pk,Alien: Covenant | Teaser Trailer [HD] | 20th Century FOX,21232031,122771,10685,0,18592
2017-04-10T13:00:10.000Z,v7MGUNV8MxU,Thor: Ragnarok Teaser Trailer [HD],50974142,600443,20361,0,55442
2015-10-09T15:00:05.000Z,kMqeoW3XRa0,"Hail, Caesar! - Official Trailer (HD)",10825087,22545,1985,0,2242
2016-08-16T14:00:03.000Z,tFMo3UJ4B4g,Arrival Trailer (2016) - Paramount Pictures,20877405,96959,4984,0,13801
2016-08-11T15:00:01.000Z,9NJj12tJzqc,Moonlight | Official Trailer HD | A24,16100744,54012,5801,0,6959
2015-06-11T15:58:28.000Z,g9lmhBYB11U,Zootopia US Teaser Trailer,15061033,60364,3466,0,12195
2016-09-27T13:03:14.000Z,a2m6Jvp0bUw,Fences Teaser Trailer (2016) - Paramount Pictures,4703369,14723,406,0,1677
2016-11-14T17:54:09.000Z,g9pW3B8Ycc4,JACKIE | OFFICIAL TRAILER | FOX Searchlight,4433991,14566,443,0,1420
2016-06-29T23:30:38.000Z,mjKEXxO2KNE,Sully - Official Trailer [HD],16005112,60000,2230,0,8448
2015-10-09T15:00:05.000Z,kMqeoW3XRa0,"Hail, Caesar! - Official Trailer (HD)",10825088,22545,1985,0,2242
2016-03-22T22:32:03.000Z,GQR5zsLHbYw,The Nice Guys - Main Trailer [HD],8530779,18152,645,0,1075
2016-04-13T03:53:41.000Z,Lt-U_t2pUHI,Marvel&#39;s Doctor Strange Teaser Trailer,23892323,212934,7535,0,23999
2015-09-15T16:00:03.000Z,HcgJRQWxKnw,The Jungle Book Official US Teaser Trailer,25685827,86805,4785,0,10241
2015-08-05T02:59:22.000Z,FyKWUTwSYAs,Deadpool | Red Band Trailer [HD] | 20th Century FOX,43076502,565197,13646,0,37211
2017-09-06T13:21:18.000Z,yyW_EX7iRW0,"Daddy&#39;s Home 2 Official Trailer #2 (2017) Mark Wahlberg, Will Ferrell Comedy Movie HD",11816736,60335,3334,0,3746
2015-12-10T05:45:30.000Z,3CKgLNGfdSM,Teenage Mutant Ninja Turtles: Out of the Shadows Official Trailer #1 (2016) - Megan Fox Movie HD,5639521,29111,2004,0,3827
2016-11-23T04:12:07.000Z,IqrgxZLd_gE,Silence Official Trailer (2016) - Paramount Pictures,6952307,27245,2499,0,4003
2017-08-08T04:02:11.000Z,XpICoc65uh0,mother! movie (2017) - official trailer - paramount pictures,17062412,44318,6292,0,9719
2017-03-22T13:05:28.000Z,eyKOgnaf0BU,Baywatch (2017) - Official Trailer - Paramount Pictures,15457874,52136,7022,0,3564
2014-06-27T00:27:45.000Z,fdu10cX3pWA,NOAH - Official Trailer (HD),3511873,25137,2147,0,2167
2017-07-27T13:27:10.000Z,cBezc1S1BAQ,"Suburbicon Official Trailer #1 (2017) Matt Damon, Oscar Isaac Crime Comedy HD",4723063,19121,1444,0,1740
2018-02-05T00:16:37.000Z,wb49-oV0F78,Mission: Impossible - Fallout (2018) - Official Trailer - Paramount Pictures,35531508,306422,7642,0,24017
2016-06-01T16:21:22.000Z,wQGawWqJdfs,"Monster Trucks Official Trailer #1 (2017) - Lucas Till, Jane Levy Movie HD",4434661,21212,3145,0,2752
2015-05-22T06:23:48.000Z,7YHFEsf0Y7s,Drunk Wedding Official Trailer 1 (2015) - Comedy HD,1441915,1623,587,0,131
2014-11-05T19:21:30.000Z,Y5gPQXbFs9Y,"The Gambler Official Trailer #1 (2014) - Mark Wahlberg, Jessica Lange Movie HD",6549758,9128,676,0,814
2016-07-05T16:10:21.000Z,UzMhfMxRKQg,The Intervention Official Trailer 1 (2016) - Cobie Smulders Movie,1288490,4120,763,0,439
2016-10-05T13:45:18.000Z,Jlp94-C31cY,Allied Official Trailer 1 (2016) - Brad Pitt Movie,6269016,21630,838,0,1873
2017-04-25T19:47:08.000Z,2djWwOK0Im8,"Tulip Fever Official Trailer #1 (2017) Cara Delevingne, Alicia Vikander Drama Movie HD",3848144,31018,889,0,1161
2015-11-03T17:31:37.000Z,WQkHA3fHk_0,ANOMALISA - Trailer (2015) - Paramount Pictures,1116079,3545,186,0,256
2016-09-27T13:31:40.000Z,jj-ZYPVRQbc,"Fences Official Trailer #1 (2016) Denzel Washington, Viola Davis Drama Movie HD",5042139,19299,540,0,2227
2016-08-17T15:09:14.000Z,PltWQ8kQe04,Same Kind of Different as Me Official Trailer 1 (2017) - Greg Kinnear Movie,720858,3704,763,0,632
2015-08-25T13:17:01.000Z,ZOhSbNJ7MqI,Scouts Guide to the Zombie Apocalypse Official Trailer #1 (2015) - Tye Sheridan Movie HD,3893143,20734,1042,0,957
2016-12-06T03:10:32.000Z,AntcyqJ6brc,Transformers: The Last Knight Official Trailer 1 (2017) - Michael Bay Movie,19673987,127059,10358,0,29696
2018-09-05T18:59:17.000Z,IUfZq3DUd3Y,Instant Family (2018) - Official Trailer - Paramount Pictures,16283942,50080,1527,0,2316
2016-04-27T16:31:05.000Z,CQx2eosUlXY,"Approaching the Unknown Official Trailer #1 (2016) - Mark Strong, Luke Wilson Movie HD",4616248,14309,937,0,2117
2015-04-21T16:16:58.000Z,fEPqgSNLfK8,"The Little Prince Official Trailer #1 (2015) - Marion Cotillard, Jeff Bridges Animated Movie HD",5207000,42130,548,0,3621
2018-09-24T07:00:04.000Z,lcwmDAYt22k,Bumblebee (2018) - New Official Trailer - Paramount Pictures,21261424,170319,8249,0,22949
2014-11-07T13:47:21.000Z,x6t7vVTxaic,"Selma Official Trailer #1 (2015) - Oprah Winfrey, Cuba Gooding Jr. Movie HD",5229212,23826,750,0,3410
2015-11-18T13:00:52.000Z,4CL4LNWHegk,Zoolander 2 Trailer (2016) - Paramount Pictures,21972647,83700,5377,0,8802
2014-06-03T17:58:37.000Z,1L41RWI1oUg,"Hercules Official International Trailer #1 (2014) - Dwayne Johnson, Ian McShane Movie HD",1855598,5551,317,0,509
2017-03-28T22:56:04.000Z,huX1bmfdkyA,An Inconvenient Sequel: Truth To Power (2017) - Official Trailer - Paramount Pictures,2892290,16583,2204,0,3583
2016-01-15T08:15:16.000Z,saHzng8fxLs,"10 Cloverfield Lane Official Trailer #1 (2016) -  Mary Elizabeth Winstead, John Goodman Movie HD",10265483,34836,1319,0,6807
2015-12-17T16:20:03.000Z,2V8V6-VjnWw,"Whiskey Tango Foxtrot Official Trailer #1 (2016) - Tina Fey, Billy Bob Thorton Comedy HD",2664876,10242,755,0,853
2015-06-19T16:40:42.000Z,OeknNwE4e1E,"Daddy&#39;s Home Official Trailer #1 (2015) Will Ferrell, Mark Wahlberg Comedy Movie HD",5769745,12376,572,0,728
2016-03-16T16:11:10.000Z,3BmeR9GYdDU,"Ben-Hur Official Trailer #1 (2016) - Morgan Freeman, Jack Huston Movie HD",8273137,16984,7457,0,4095
2014-12-10T19:52:55.000Z,BNJ-UxlKXGY,"Hot Tub Time Machine 2 Official Trailer #1 (2015) - Rob Corddry, Adam Scott Movie HD",2850671,6915,449,0,545
2017-12-13T14:00:03.000Z,89OP78l9oF0,Annihilation (2018) - Official Trailer - Paramount Pictures,18489245,70835,6331,0,12722
2017-11-07T16:01:09.000Z,UtbiOl506ms,"Sherlock Gnomes Official Trailer #1 (2018) Johnny Depp, Emily Blunt Animated Movie HD",2011771,12886,2129,0,1899
2016-11-13T10:47:41.000Z,G4VmJcZR0Yg,Ghost in the Shell Official Trailer 1 (2017) - Scarlett Johansson Movie,32458560,174392,21971,0,27840
2014-11-25T19:14:58.000Z,wJ0Qhbm3Xj8,"Top Five Official Extended Trailer (2014) - Chris Rock, Kevin Hart Comedy Movie HD",1838391,3263,226,0,346
2018-06-18T13:21:20.000Z,MoCG5aWtlPU,"NOBODY&#39;S FOOL Official Trailer (2018) Tyler Perry, Tiffany Haddish Comedy Movie HD",1271052,15138,420,0,650
2015-06-24T07:22:02.000Z,zR2cc1BwdmI,Paranormal Activity: The Ghost Dimension Official Trailer #1 (2015) - Horror Movie HD,3773090,18039,1422,0,1676
2015-03-23T15:19:26.000Z,pXwaKB7YOjw,"Mission: Impossible - Rogue Nation Official Trailer #1 (2015) - Tom Cruise, Simon Pegg Spy Movie HD",10949443,23925,896,0,1426
2018-02-09T16:00:03.000Z,jrxBaaINseI,THE CLOVERFIELD PARADOX | Trailer [HD] | Netflix,2110616,7402,737,0,1062
2016-07-08T16:22:12.000Z,QS8pgKoibx0,Goat Official Trailer 1 (2016) - Nick Jonas Movie,3409043,13769,3016,0,1473
2015-06-16T21:11:47.000Z,6IKJFYegRJk,"Captive Official Trailer #1 (2015) - Kate Mara, David Oyelowo Movie HD",2179044,6236,575,0,841
2014-09-18T06:27:27.000Z,DS7uc8OF6Rs,"Men, Women &amp; Children International TRAILER (2014) - Ansel Elgort, Jason Reitman Movie HD",1941623,13931,205,0,493
2016-04-27T15:18:38.000Z,HszfdNS0JSc,"Florence Foster Jenkins Official Trailer #1 (2016) - Meryl Streep, Hugh Grant Movie HD",1992350,7257,277,0,585
2017-09-12T04:00:00.000Z,UCrBICYM0yM,Downsizing (2017) - Official Trailer - Paramount Pictures,10689511,27659,2564,0,4298
2018-03-02T08:00:41.000Z,LDxgPIsv6sY,Book Club (2018) - Official Trailer - Paramount Pictures,3830986,12239,1230,0,854
2018-03-21T17:59:05.000Z,ri1Cc3Yz09U,Action Point (2018) - Official Trailer - Paramount Pictures,6693930,33094,2910,0,2385
2016-06-22T13:14:08.000Z,aRwrdbcAh2s,"Jack Reacher: Never Go Back Official Trailer #1 (2016) - Tom Cruise, Cobie Smulders Movie HD",11521382,41075,1258,0,3338
2016-11-01T22:54:01.000Z,xEuM4IUFWu8,xXx: The Return of Xander Cage Official Trailer #1 (2017) Vin Diesel Action Movie HD,15552116,74033,5227,0,8214
2015-12-22T17:32:59.000Z,y6raUs0CiCQ,"Everybody Wants Some!! Official Trailer #1 (2016) -  Glen Powell, Tyler Hoechlin Comedy HD",2865741,7305,845,0,856
2015-09-22T12:44:46.000Z,vgqG3ITMv1Q,The Big Short Trailer (2015) ‐ Paramount Pictures,9538361,22293,1024,0,2766
2016-08-24T11:30:13.000Z,K2U-NWDLXM4,Rings Official Trailer #1 (2016) Horror Movie HD,3846746,8356,1339,0,594
2014-07-31T14:27:35.000Z,e9awLSibQ80,The SpongeBob Movie: Sponge Out of Water Official Trailer #1 (2015) - Animated Movie HD,1669556,12646,724,0,1439
2018-02-12T20:00:00.000Z,WR7cc5t7tv8,A Quiet Place (2018) - Official Trailer - Paramount Pictures,22455888,80302,2818,0,10734
2016-08-16T14:00:03.000Z,tFMo3UJ4B4g,Arrival Trailer (2016) - Paramount Pictures,20881230,96995,4984,0,13801
2014-11-18T23:20:55.000Z,ZALqGuwI_DE,Project Almanac Official Trailer #2 (2015) - Sci-Fi Movie HD,2526592,9376,386,0,1344
2014-06-24T15:56:39.000Z,OdgNSJiWJTo,"Teenage Mutant Ninja Turtles Official Trailer #2 (2014) - Whoopi Goldberg, Megan Fox Movie HD",4509969,12247,1068,0,2536
2015-07-29T01:15:52.000Z,5MBjAN7jqsQ,13 Hours The Secret Soldiers of Benghazi Official Trailer #1 (2016) Michael Bay Movie HD,6537137,15801,1190,0,3707
2014-03-05T00:37:21.000Z,dYDGqmxMZFI,Transformers: Age of Extinction Official Trailer #1 (2014) - Michael Bay Movie HD,10320847,26115,1416,0,3787
2014-05-16T17:00:22.000Z,zSWdZVtXT7E,Interstellar - Trailer - Official Warner Bros. UK,27995510,95760,3645,0,5791
2018-07-18T12:59:34.000Z,USPd0vX2sdc,OVERLORD (2018)- Official Trailer - Paramount Pictures,14087380,52626,4882,0,11699
2016-05-21T04:10:53.000Z,dCyv5xKIqlw,"Star Trek Beyond Official Trailer #2 (2016) - Chris Pine, Zachary Quinto Movie HD",4355853,23837,1176,0,3496
2015-04-23T20:27:18.000Z,jg1Jt2Ft6xg,Area 51 Official Trailer 1 (2015) - Sci-Fi Horror Found Footage Movie HD,11859726,44794,3372,0,4750
2012-03-02T19:39:37.000Z,XBfcGLBJ2Uc,Frankenweenie Trailer,1807517,6014,254,0,1213
2015-12-10T00:30:06.000Z,Aj7ty6sViiU,The Legend of Tarzan - Official Teaser Trailer [HD],35130887,128821,7263,0,12313
2015-12-11T13:59:49.000Z,COvnHv42T-A,X-Men: Apocalypse | Teaser Trailer [HD] | 20th Century FOX,54652382,283619,18435,0,39821
2009-07-24T02:12:07.000Z,LjMkNrX60mA,Alice in Wonderland Teaser 1,10279817,17918,939,0,5091
2009-11-04T17:26:05.000Z,bZ7Li5w2I-k,PRINCE OF PERSIA: THE SANDS OF TIME MOVIE TRAILER,5351098,9639,507,0,1406
2010-03-09T01:30:54.000Z,L9szn1QQfas,TRON: LEGACY Official Trailer,12862078,28640,1210,0,4376
2010-12-13T16:33:42.000Z,t5AqJww06bw,Pirates of The Caribbean 4 Official Trailer,6896620,20460,554,0,4495
2014-11-06T08:01:04.000Z,2Byk9Is3TjY,Into The Woods Trailer - Now Playing In Theaters!,12522803,38603,2308,0,3292
2014-11-19T14:00:02.000Z,20DF6U1HcGQ,Disney&#39;s Cinderella Official US Trailer,36063396,136432,8121,0,13017
2016-05-23T12:32:31.000Z,c38r-SAnTWM,Beauty and the Beast Official US Teaser Trailer,22431014,157147,6890,0,17851
2016-10-03T01:06:21.000Z,1xo3af_6_Jk,Teaser Trailer: Pirates of the Caribbean: Dead Men Tell No Tales,20862170,161900,5130,0,15051
2017-06-07T23:30:01.000Z,xlnPHQ3TLX8,Coco - Official US Trailer,3762914,20211,1456,0,2479
2017-07-15T18:02:19.000Z,E4U3TeY2wtM,A Wrinkle In Time Official US Teaser Trailer,6606088,47919,7088,0,7917
2017-12-19T13:16:10.000Z,2ktuvx9hrMw,Disney&#39;s The Nutcracker and the Four Realms - Teaser Trailer,7986639,89075,4846,0,7905
2012-06-20T07:06:43.000Z,sED6FRXIHJc,Monsters University Teaser - Pony,6449152,23919,1087,0,3338
2016-04-07T11:49:27.000Z,Wji-BZ0oCwg,ROGUE ONE: A STAR WARS STORY Official Teaser Trailer,45257837,406085,21496,0,88157
2018-11-22T22:32:21.000Z,4CbLXeGSDxg,The Lion King Official Teaser Trailer,68931970,1355444,45820,0,117452
2016-05-10T16:02:06.000Z,z4l3-_yub5A,Queen of Katwe - Official Trailer,3065100,17063,606,0,1765
2016-06-14T16:00:02.000Z,fPOamb6d_20,Pete&#39;s Dragon - Official US Trailer,10821849,34642,2603,0,4380
2015-07-08T15:56:45.000Z,BQmllwTKtqU,Disney&#39;s The Finest Hours - Trailer 1,8378393,9909,628,0,1003
2018-07-17T13:00:41.000Z,mP0VHJYFOAU,Bohemian Rhapsody | Official Trailer [HD] | 20th Century FOX,34972828,314019,5663,0,19106
2017-11-08T05:31:00.000Z,nrXlY6gzTTM,The Post | Official Trailer [HD] | 20th Century FOX,17386784,20370,2439,0,2899
2017-12-08T20:25:52.000Z,4-BTxXm8KSg,Maze Runner: The Death Cure | Official Final Trailer [HD] | 20th Century FOX,19120611,105343,2150,0,10310
2018-01-08T14:00:11.000Z,PmUL6wMpMWw,Red Sparrow | Official Trailer [HD] | 20th Century FOX,30132737,58260,5566,0,5924
2018-01-16T14:00:26.000Z,E0cbWdlQg_8,"Love, Simon | Official Trailer 2 [HD] | 20th Century FOX",28749181,145254,7988,0,10620
2018-03-28T13:00:07.000Z,tN8o_E_f9FQ,The Darkest Minds | Official Trailer [HD] | 20th Century FOX,22099042,82892,7872,0,11198
2018-06-26T13:00:33.000Z,WaG1KZqrLvM,The Predator | Official Trailer [HD] | 20th Century FOX,12595403,94578,7925,0,13679
2016-10-20T12:59:00.000Z,Div0iP65aZo,Logan | Official Trailer [HD] | 20th Century FOX,30569818,267430,4470,0,32818
2016-12-16T14:00:11.000Z,PsBWnst8f7w,Snatched | Red Band Trailer [HD] | 20th Century FOX,3365336,9377,21891,0,3694
2017-03-16T13:00:10.000Z,r7PLDbPPL7w,Diary of a Wimpy Kid: The Long Haul | Official Trailer [HD] | Fox Family Entertainment,2086121,5559,28125,0,8174
2017-03-30T18:14:53.000Z,JDcAlo8i2y8,War for the Planet of the Apes | Official Trailer [HD] | 20th Century FOX,5907455,31799,956,0,2338
2017-04-25T03:30:14.000Z,6Nxc-3WpMbg,Kingsman: The Golden Circle | Official Trailer [HD] | 20th Century FOX,23905833,199838,5395,0,10335
2017-05-31T13:07:18.000Z,Mu41hu1a_8c,The Mountain Between Us Trailer #1 (2017) | Movieclips Trailers,2432511,13342,487,0,1231
2017-06-14T13:00:16.000Z,HBXVM7oUPVk,Ferdinand | Official Trailer [HD] | Fox Family Entertainment,6708700,10425,1154,0,876
2016-03-01T15:41:31.000Z,HyLquKn3Swc,"Ice Age: Collision Course Official Trailer #2 (2016) - Ray Romano, John Leguizamo Animated Movie HD",12723692,35981,3092,0,4620
2016-06-27T12:59:40.000Z,rqmHSR0bFU8,Morgan | Official Trailer [HD] | 20th Century FOX,6325086,13112,1459,0,2104
2016-03-15T12:59:57.000Z,tV_IhWE4LP0,Miss Peregrine&#39;s Home for Peculiar Children | Official Trailer [HD] | 20th Century FOX,15204277,90333,2931,0,11174
2016-06-22T13:28:36.000Z,nPfYXXg65qA,Keeping Up With the Joneses | Official Trailer [HD] | 20th Century FOX,4616633,9657,604,0,799
2016-06-30T13:00:16.000Z,CO6qLC4cL8E,Why Him? | Official Redband HD Trailer #1 | 2016,7832811,32714,1910,0,2315
2016-08-15T02:22:33.000Z,RK8xHq6dfAo,Hidden Figures | Teaser Trailer [HD] | 20th Century FOX,6981544,46680,2998,0,4932
2015-06-17T16:01:29.000Z,fVR4E6Q6u5g,The Peanuts Movie | Official Trailer [HD] | Fox Family Entertainment,2990153,12417,475,0,1141
2015-08-18T12:59:45.000Z,7pxZxY_Siyc,Victor Frankenstein | Official Trailer [HD] | 20th Century FOX,9829786,32525,1891,0,2906
2015-10-29T15:59:30.000Z,Sc5ZuVd-K0o,Alvin and the Chipmunks: The Road Chip | Official Trailer 2 [HD] | Fox Family Entertainment,2206697,6105,1214,0,955
2015-07-15T12:59:45.000Z,SN4MLMHET7w,JOY | Teaser Trailer [HD] | 20th Century FOX,9268817,19866,2602,0,2251
2015-07-17T12:59:59.000Z,QRfj1VCg16Y,The Revenant | Official Teaser Trailer [HD] | 20th Century FOX,26137707,66794,2934,0,7598
2015-12-13T20:39:47.000Z,LbduDRH2m2M,Independence Day: Resurgence | Official Trailer [HD] | 20th Century FOX,26862400,96165,6216,0,14973
2016-02-08T06:16:09.000Z,33MtR-g4Jcg,Mike and Dave Need Wedding Dates | Official Trailer [HD] | 20th Century FOX,8141416,20197,1418,0,1201
2015-03-19T13:57:43.000Z,rFGiHm5WMLk,Paper Towns | Official Trailer [HD] | 20th Century FOX,23686829,224563,3748,0,11573
2015-04-19T18:56:55.000Z,_rRoD28-WgU,Fantastic Four | Official Trailer [HD] | 20th Century FOX,12163648,43700,9166,0,7467
2015-06-24T16:59:59.000Z,k7X8fCUMMVM,Hitman: Agent 47 | Official Trailer 2 [HD] | 20th Century FOX,4966647,13910,1535,0,1541
2015-05-19T13:00:20.000Z,-44_igsZtgU,Maze Runner: The Scorch Trials | Official Trailer [HD] | 20th Century FOX,12042866,75892,1424,0,7057
2015-06-08T12:53:29.000Z,Ue4PCI0NamI,The Martian | Teaser Trailer [HD] | 20th Century FOX,22094074,92991,2954,0,10410
2014-09-30T16:00:18.000Z,JuU0M2xBasc,TAKEN 3 | Official Trailer [HD] | 20th Century FOX,16380545,56515,1843,0,6164
2014-09-23T00:25:15.000Z,kl8F-8tR8to,Kingsman: The Secret Service | Official Trailer 2 [HD] | 20th Century FOX,18030791,56923,1925,0,3195
2014-12-23T01:20:45.000Z,FUS_Q7FsfqU,The Longest Ride | Official Trailer [HD] | 20th Century FOX,15753619,48233,1403,0,2022
2015-03-31T12:59:57.000Z,ltijEmlyqlg,Spy | Official Trailer 2 [HD] | 20th Century FOX,8245821,21885,1066,0,1058
2017-12-19T12:00:02.000Z,MFWF9dU5Zc0,OCEAN&#39;S 8 - Official 1st Trailer,19374446,132875,64708,0,37973
2018-07-21T19:24:00.000Z,WDkg3h8PCVU,Aquaman - Official Trailer 1 - Now Playing In Theaters,60265517,649916,37758,0,93770
2018-03-20T13:00:40.000Z,kjC1zmZo30U,TAG - Official Trailer 1,11971067,62561,2611,0,5049
2018-05-01T16:00:26.000Z,r9WhJyyTtqo,Teen Titans GO! To The Movies - Official Trailer 1 [HD],10988773,44185,11765,0,12453
2018-04-23T16:00:13.000Z,ZQ-YX-5bAs0,CRAZY RICH ASIANS - Official Trailer,25611094,180635,9408,0,16590
2018-06-13T12:00:24.000Z,pzD9zGcUNrw,THE NUN - Official Teaser Trailer [HD],42446051,319322,14040,0,25886
2018-08-02T16:00:21.000Z,uBw6EvIxIS8,SMALLFOOT - Official Final Trailer [HD],6991264,18808,1503,0,1423
2018-06-06T16:00:23.000Z,nSbzyEJ8X9E,A STAR IS BORN - Official Trailer 1,31568799,217127,6076,0,20125
2018-10-04T16:01:03.000Z,N_QksSzK7sI,THE MULE - Official Trailer,15175291,82532,1806,0,6511
2017-12-13T14:12:41.000Z,IC_lnyn2R2Q,THE 15:17 TO PARIS - Official Trailer [HD],5452690,19785,1544,0,2441
2017-09-20T04:56:28.000Z,8ndhidEmUbI,TOMB RAIDER - Official Trailer #1,20412001,113642,23630,0,23083
2017-12-10T18:00:17.000Z,cSp1dM2Vj48,READY PLAYER ONE - Official Trailer 1 [HD],30767539,269710,14571,0,45036
2017-11-16T21:15:08.000Z,coOKvrsmQiI,RAMPAGE - OFFICIAL TRAILER 1 [HD],45029010,257135,18907,0,29107
2018-02-05T23:30:51.000Z,T1B1CxmAXLk,LIFE OF THE PARTY - Official Trailer 1,6460523,17016,2617,0,1196
2017-03-25T15:00:01.000Z,3cxixDgHUYw,JUSTICE LEAGUE - Official Trailer 1,36299354,417350,27522,0,64435
2018-08-28T15:32:39.000Z,y7wzBVARwaU,Bad Times at the El Royale | Official Trailer [HD] | 20th Century FOX,24787390,27354,1206,0,2048