publish_time,video_ID,Title,viewCount,likeCount,dislikeCount,favoriteCount,commentCount,ProductionFirm,Movie,Ticker
2016-01-15T08:15:16.000Z,saHzng8fxLs,"10 Cloverfield Lane Official Trailer #1 (2016) -  Mary Elizabeth Winstead, John Goodman Movie HD",10265483,34836,1319,0,6807,Paramount,10 Cloverfield Lane,
2015-07-29T01:15:52.000Z,5MBjAN7jqsQ,13 Hours The Secret Soldiers of Benghazi Official Trailer #1 (2016) Michael Bay Movie HD,6537137,15801,1190,0,3707,Paramount,13 Hours The Secret Soldiers of Benghazi ,
2016-10-20T02:16:41.000Z,4mcVodJmBlU,A Cure for Wellness | Teaser Trailer [HD] | 20th Century FOX,5079608,9195,424,0,890,20th Century FOX,A Cure for Wellness,
2018-02-12T20:00:00.000Z,WR7cc5t7tv8,A Quiet Place (2018) - Official Trailer - Paramount Pictures,22455888,80302,2818,0,10734,Paramount,A Quiet Place (2018),
2018-03-21T17:59:05.000Z,ri1Cc3Yz09U,Action Point (2018) - Official Trailer - Paramount Pictures,6693930,33094,2910,0,2385,Paramount,Action Point (2018) ,
2016-12-25T04:59:46.000Z,H0VW6sg50Pk,Alien: Covenant | Teaser Trailer [HD] | 20th Century FOX,21232031,122771,10685,0,18592,20th Century FOX,Alien: Covenant,
2016-10-05T13:45:18.000Z,Jlp94-C31cY,Allied Official Trailer 1 (2016) - Brad Pitt Movie,6269016,21630,838,0,1873,Paramount,Allied,
2017-03-28T22:56:04.000Z,huX1bmfdkyA,An Inconvenient Sequel: Truth To Power (2017) - Official Trailer - Paramount Pictures,2892290,16583,2204,0,3583,Paramount,An Inconvenient Sequel: Truth To Power (2017) ,
2017-12-13T14:00:03.000Z,89OP78l9oF0,Annihilation (2018) - Official Trailer - Paramount Pictures,18480389,70771,6330,0,12713,Paramount,Annihilation (2018),
2015-11-03T17:31:37.000Z,WQkHA3fHk_0,ANOMALISA - Trailer (2015) - Paramount Pictures,1116079,3545,186,0,256,Paramount,ANOMALISA,
2016-04-27T16:31:05.000Z,CQx2eosUlXY,"Approaching the Unknown Official Trailer #1 (2016) - Mark Strong, Luke Wilson Movie HD",4616248,14309,937,0,2117,Paramount,Approaching the Unknown ,
2015-04-23T20:27:18.000Z,jg1Jt2Ft6xg,Area 51 Official Trailer 1 (2015) - Sci-Fi Horror Found Footage Movie HD,11859726,44794,3372,0,4750,Paramount,Area 51 ,
2016-08-16T14:00:03.000Z,tFMo3UJ4B4g,Arrival Trailer (2016) - Paramount Pictures,20881230,96995,4984,0,13801,Paramount,Arrival,
2015-07-11T19:09:23.000Z,0WWzgGyAH6Y,Batman v Superman: Dawn of Justice - Comic-Con Trailer [HD],74094574,466449,19587,0,93352,Warner Bros,Batman v Superman: Dawn of Justice,
2017-03-22T13:05:28.000Z,eyKOgnaf0BU,Baywatch (2017) - Official Trailer - Paramount Pictures,15457874,52136,7022,0,3564,Paramount,Baywatch (2017),
2016-03-16T16:11:10.000Z,3BmeR9GYdDU,"Ben-Hur Official Trailer #1 (2016) - Morgan Freeman, Jack Huston Movie HD",8273137,16984,7457,0,4095,Paramount,Ben-Hur,
2017-05-08T16:35:21.000Z,gCcx85zbxz4,BLADE RUNNER 2049 - Official Trailer,29284261,168911,9716,0,17892,Warner Bros,BLADE RUNNER 2049,
2018-03-02T08:00:41.000Z,LDxgPIsv6sY,Book Club (2018) - Official Trailer - Paramount Pictures,3830986,12239,1230,0,854,Paramount,Book Club (2018),
2017-07-15T18:02:19.000Z,E4U3TeY2wtM,A Wrinkle In Time Official US Teaser Trailer,6606088,47919,7088,0,7917,Disney,A Wrinkle In Time ,
2018-09-24T07:00:04.000Z,lcwmDAYt22k,Bumblebee (2018) - New Official Trailer - Paramount Pictures,21261424,170319,8249,0,22949,Paramount,Bumblebee,
2015-11-25T05:15:53.000Z,uVdV-lxRPFo,Captain America: Civil War - Trailer World Premiere,60367178,356830,11078,0,55587,Marvel,Captain America: Civil War,
2015-06-16T21:11:47.000Z,6IKJFYegRJk,"Captive Official Trailer #1 (2015) - Kate Mara, David Oyelowo Movie HD",2179044,6236,575,0,841,Paramount,Captive,
2009-07-24T02:12:07.000Z,LjMkNrX60mA,Alice in Wonderland Teaser 1,10279817,17918,939,0,5091,Disney,Alice in Wonderland,
2016-05-23T12:32:31.000Z,c38r-SAnTWM,Beauty and the Beast Official US Teaser Trailer,22431014,157147,6890,0,17851,Disney,Beauty and the Beast,
2017-09-06T13:21:18.000Z,yyW_EX7iRW0,"Daddy&#39;s Home 2 Official Trailer #2 (2017) Mark Wahlberg, Will Ferrell Comedy Movie HD",11816736,60335,3334,0,3746,Paramount,Daddy's Home 2 ,
2015-06-19T16:40:42.000Z,OeknNwE4e1E,"Daddy&#39;s Home Official Trailer #1 (2015) Will Ferrell, Mark Wahlberg Comedy Movie HD",5769745,12376,572,0,728,Paramount,Daddy's Home,
2017-09-28T14:00:00.000Z,LtJ60u7SUSw,Darkest Hour - Official International Trailer (Universal Pictures) HD,5295278,13458,834,0,2480,Universal,Darkest Hour ,
2015-08-05T02:59:22.000Z,FyKWUTwSYAs,Deadpool | Red Band Trailer [HD] | 20th Century FOX,43076502,565197,13646,0,37211,20th Century FOX,Deadpool ,
2018-03-22T12:59:16.000Z,D86RtevtfrA,Deadpool 2 | The Trailer,46899581,631193,16698,0,30981,20th Century FOX,Deadpool 2,
2012-04-24T16:43:34.000Z,6CKcqIahedc,Brave Official Trailer #3 (2012) Pixar Movie HD,725513,2466,109,0,225,Disney,Brave,
2011-05-12T00:09:39.000Z,lg5hj2c5Nkk,Cars 2 - Theatrical Trailer,10608090,5792,1910,0,350,Disney,Cars 2 ,
2017-09-12T04:00:00.000Z,UCrBICYM0yM,Downsizing (2017) - Official Trailer - Paramount Pictures,10689511,27659,2564,0,4298,Paramount,Downsizing,
2015-05-22T06:23:48.000Z,7YHFEsf0Y7s,Drunk Wedding Official Trailer 1 (2015) - Comedy HD,1441915,1623,587,0,131,Paramount,Drunk Wedding,
2016-12-14T15:00:12.000Z,F-eMt3SrfFU,Dunkirk - Trailer 1 [HD],41583257,265150,10002,0,30462,Warner Bros,Dunkirk,
2018-03-14T13:00:05.000Z,y8lFgF_IjPw,Eighth Grade | Official Trailer HD | A24,6169030,66901,5833,0,8618,A24,Eighth Grade,
2015-12-22T17:32:59.000Z,y6raUs0CiCQ,"Everybody Wants Some!! Official Trailer #1 (2016) -  Glen Powell, Tyler Hoechlin Comedy HD",2865741,7305,845,0,856,Paramount,Everybody Want Some,
2016-09-27T13:03:14.000Z,a2m6Jvp0bUw,Fences Teaser Trailer (2016) - Paramount Pictures,4703369,14723,406,0,1677,Paramount,Fences,
2017-04-26T16:00:00.000Z,2LeOH9AGJQM,Cars 3 - Official US Trailer,22922899,143637,8533,0,13450,Disney,Cars 3,
2018-03-29T13:00:04.000Z,hCF5Y8dQpR4,First Reformed | Official Trailer HD | A24,5687905,10577,558,0,1056,A24,First Reformed,
2016-04-27T15:18:38.000Z,HszfdNS0JSc,"Florence Foster Jenkins Official Trailer #1 (2016) - Meryl Streep, Hugh Grant Movie HD",1992350,7257,277,0,585,Paramount,Florence Foster Jenkins ,
2017-06-07T23:30:01.000Z,xlnPHQ3TLX8,Coco - Official US Trailer,3762914,20211,1456,0,2479,Disney,Coco,
2016-11-13T10:47:41.000Z,G4VmJcZR0Yg,Ghost in the Shell Official Trailer 1 (2017) - Scarlett Johansson Movie,32458560,174392,21971,0,27840,Paramount,Ghost in the Shell ,
2016-07-08T16:22:12.000Z,QS8pgKoibx0,Goat Official Trailer 1 (2016) - Nick Jonas Movie,3409043,13769,3016,0,1473,Paramount,Goat,
2016-12-03T23:03:40.000Z,dW1BIid8Osg,Guardians of the Galaxy Vol. 2 Teaser Trailer,21356615,244644,3993,0,17557,Marvel,Guardians of the Galaxy Vol. 2 ,
2015-10-09T15:00:05.000Z,kMqeoW3XRa0,"Hail, Caesar! - Official Trailer (HD)",10825087,22545,1985,0,2242,Universal,"Hail, Caesar",
2014-06-03T17:58:37.000Z,1L41RWI1oUg,"Hercules Official International Trailer #1 (2014) - Dwayne Johnson, Ian McShane Movie HD",1855598,5551,317,0,509,Paramount,Hercules,
2014-12-10T19:52:55.000Z,BNJ-UxlKXGY,"Hot Tub Time Machine 2 Official Trailer #1 (2015) - Rob Corddry, Adam Scott Movie HD",2850671,6915,449,0,545,Paramount,Hot Tub Time Machine 2,
2014-07-15T14:50:19.000Z,z3biFxZIJOQ,Disney&#39;s Big Hero 6 - Official US Trailer 1,20125072,54803,3506,0,6671,Disney,Big Hero 6,
2015-12-13T20:39:47.000Z,LbduDRH2m2M,Independence Day: Resurgence | Official Trailer [HD] | 20th Century FOX,26856839,96135,6215,0,14977,20th Century FOX,Independence Day: Resurgence,
2014-11-19T14:00:02.000Z,20DF6U1HcGQ,Disney&#39;s Cinderella Official US Trailer,36063396,136432,8121,0,13017,Disney,Cinderella,
2018-09-05T18:59:17.000Z,IUfZq3DUd3Y,Instant Family (2018) - Official Trailer - Paramount Pictures,16283942,50080,1527,0,2316,Paramount,Instant Family ,
2014-05-16T17:00:22.000Z,zSWdZVtXT7E,Interstellar - Trailer - Official Warner Bros. UK,27995510,95760,3645,0,5791,Paramount,Interstellar,
2014-05-16T17:00:22.000Z,zSWdZVtXT7E,Interstellar - Trailer - Official Warner Bros. UK,27995510,95760,3645,0,5791,Warner Bros,Interstellar,
2009-12-07T23:43:44.000Z,8hYlB38asDY,Iron Man - Trailer [HD],3963742,21010,478,0,3201,Marvel,Iron Man,
2013-04-12T20:25:18.000Z,BoohRoVA9WQ,Iron Man 2 Official Trailer #1 (2010) - Marvel Movie HD,1385019,6286,234,0,371,Marvel,Iron Man 2,
2016-06-22T13:14:08.000Z,aRwrdbcAh2s,"Jack Reacher: Never Go Back Official Trailer #1 (2016) - Tom Cruise, Cobie Smulders Movie HD",11521382,41075,1258,0,3338,Paramount,Jack Reacher: Never Go Back ,
2016-11-14T17:54:09.000Z,g9pW3B8Ycc4,JACKIE | OFFICIAL TRAILER | FOX Searchlight,4433991,14566,443,0,1420,20th Century FOX,Jackie,
2016-10-08T19:15:30.000Z,XGk2EfbD_Ps,John Wick: Chapter 2 Official Trailer #1 (2017) Keanu Reeves Action Movie HD,18633272,82473,1856,0,6882,Lionsgate,John Wick: Chapter 2,
2017-12-08T01:44:25.000Z,vn9mMeWcgoM,Jurassic World: Fallen Kingdom - Official Trailer [HD],63567542,633307,34431,0,70032,Universal,Jurassic World: Fallen Kingdom,
2016-08-23T13:20:05.000Z,DBUXcNTjviI,La La Land (2016 Movie) Official Teaser Trailer – &#39;Audition (The Fools Who Dream)&#39;,5653944,24758,850,0,1803,Lionsgate,La La Land,
2017-09-05T13:00:06.000Z,cNi_HC839Wo,Lady Bird | Official Trailer HD | A24,15544278,88248,2850,0,3281,A24,Lady Bird,
2018-04-26T16:27:01.000Z,_07ktacEGo8,LEAVE NO TRACE | Official Trailer,4509274,8134,441,0,1001,First Look Medai,LEAVE NO TRACE,
2018-06-27T15:59:13.000Z,rI054ow6KJk,MANDY - Official Trailer,3970505,21395,809,0,2623,RLJE,MANDY,
2013-09-26T18:32:25.000Z,TbQm5doF_Uc,Disney&#39;s Frozen Official Trailer,35518523,58892,9164,0,7633,Disney,Frozen,
2018-01-30T13:55:41.000Z,8_rTIAOohas,Marvel Studios&#39; Ant-Man and the Wasp - Official Trailer #1,16841315,350626,7053,0,26439,Marvel,Ant-Man and the Wasp,
2018-12-07T13:01:21.000Z,hA6hldpSTF8,Marvel Studios&#39; Avengers - Official Trailer,99143403,3263027,50883,0,296671,Marvel,Avengers,
2017-10-16T13:00:07.000Z,xjDjIWPwcPU,Marvel Studios&#39; Black Panther - Official Trailer,44747748,450130,17397,0,53621,Marvel,Black Panther ,
2016-04-13T03:53:41.000Z,Lt-U_t2pUHI,Marvel&#39;s Doctor Strange Teaser Trailer,23892323,212934,7535,0,23999,Marvel,Doctor Strange,
2015-07-08T15:56:45.000Z,BQmllwTKtqU,Disney&#39;s The Finest Hours - Trailer 1,8378393,9909,628,0,1003,Disney,The Finest Hours ,
2014-09-18T06:27:27.000Z,DS7uc8OF6Rs,"Men, Women &amp; Children International TRAILER (2014) - Ansel Elgort, Jason Reitman Movie HD",1941623,13931,205,0,493,Paramount,"Men, Women & Children",
2018-02-05T00:16:37.000Z,wb49-oV0F78,Mission: Impossible - Fallout (2018) - Official Trailer - Paramount Pictures,35531508,306422,7642,0,24017,Paramount,Mission: Impossible - Fallout (2018) ,
2015-03-23T15:19:26.000Z,pXwaKB7YOjw,"Mission: Impossible - Rogue Nation Official Trailer #1 (2015) - Tom Cruise, Simon Pegg Spy Movie HD",10949443,23925,896,0,1426,Paramount,Mission: Impossible - Rogue Nation,
2017-12-19T13:16:10.000Z,2ktuvx9hrMw,Disney&#39;s The Nutcracker and the Four Realms - Teaser Trailer,7986639,89075,4846,0,7905,Disney,The Nutcracker and the Four Realms ,
2016-06-01T16:21:22.000Z,wQGawWqJdfs,"Monster Trucks Official Trailer #1 (2017) - Lucas Till, Jane Levy Movie HD",4434661,21212,3145,0,2752,Paramount,Monster Trucks ,
2016-05-24T13:18:08.000Z,0tkLUap7oGQ,"Finding Dory Official Trailer #2 (2016) - Ellen DeGeneres, Albert Brooks Movie HD",5182740,23873,901,0,1614,Disney,Finding Dory,
2016-08-11T15:00:01.000Z,9NJj12tJzqc,Moonlight | Official Trailer HD | A24,16100744,54012,5801,0,6959,A24,Moonlight,
2017-08-08T04:02:11.000Z,XpICoc65uh0,mother! movie (2017) - official trailer - paramount pictures,17062412,44318,6292,0,9719,Paramount,mother!  (2017) ,
2017-06-01T13:00:34.000Z,Mq4m3yAoW8E,Murder on the Orient Express | Official Trailer [HD] | 20th Century FOX,12997766,73365,5136,0,8637,20th Century FOX,,
2014-06-27T00:27:45.000Z,fdu10cX3pWA,NOAH - Official Trailer (HD),3511873,25137,2147,0,2167,Paramount,NOAH,
2018-06-18T13:21:20.000Z,MoCG5aWtlPU,"NOBODY&#39;S FOOL Official Trailer (2018) Tyler Perry, Tiffany Haddish Comedy Movie HD",1271052,15138,420,0,650,Paramount,NOBODY's FOOL ,
2018-07-18T12:59:34.000Z,USPd0vX2sdc,OVERLORD (2018)- Official Trailer - Paramount Pictures,14087380,52626,4882,0,11699,Paramount,PADDINGTON 2,
2017-10-03T07:57:49.000Z,52x5HJ9H8DM,PADDINGTON 2 - Official Film Trailer (International),5043918,12106,1045,0,695,Warner Bros,Paranormal Activity: The Ghost Dimension ,
2015-06-24T07:22:02.000Z,zR2cc1BwdmI,Paranormal Activity: The Ghost Dimension Official Trailer #1 (2015) - Horror Movie HD,3773090,18039,1422,0,1676,Paramount,Paranormal Activity: The Ghost Dimension ,
2012-03-02T19:39:37.000Z,XBfcGLBJ2Uc,Frankenweenie Trailer,1807517,6014,254,0,1213,Disney,Frankenweenie ,
2018-04-13T12:00:05.000Z,i5qOzqD9Rms,Incredibles 2 Official Trailer,128862297,428708,24995,0,28132,Disney,Incredibles 2,
2014-11-18T23:20:55.000Z,ZALqGuwI_DE,Project Almanac Official Trailer #2 (2015) - Sci-Fi Movie HD,2526592,9376,386,0,1344,Paramount,Project Almanac,
2014-12-11T14:00:53.000Z,yRUAzGQ3nSY,Inside Out - Official US Trailer,8831774,20155,1957,0,1174,Disney,Inside Out,
2016-08-24T11:30:13.000Z,K2U-NWDLXM4,Rings Official Trailer #1 (2016) Horror Movie HD,3846746,8356,1339,0,594,Paramount,Rings,
2016-08-17T15:09:14.000Z,PltWQ8kQe04,Same Kind of Different as Me Official Trailer 1 (2017) - Greg Kinnear Movie,720858,3704,763,0,632,Paramount,Same Kind of Different as Me ,
2015-08-25T13:17:01.000Z,ZOhSbNJ7MqI,Scouts Guide to the Zombie Apocalypse Official Trailer #1 (2015) - Tye Sheridan Movie HD,3893143,20734,1042,0,957,Paramount,Scouts Guide to the Zombie Apocalypse,
2014-11-07T13:47:21.000Z,x6t7vVTxaic,"Selma Official Trailer #1 (2015) - Oprah Winfrey, Cuba Gooding Jr. Movie HD",5229212,23826,750,0,3410,Paramount,Selma,
2017-11-07T16:01:09.000Z,UtbiOl506ms,"Sherlock Gnomes Official Trailer #1 (2018) Johnny Depp, Emily Blunt Animated Movie HD",2011771,12886,2129,0,1899,Paramount,Sherlock Gnomes,
2016-11-23T04:12:07.000Z,IqrgxZLd_gE,Silence Official Trailer (2016) - Paramount Pictures,6952307,27245,2499,0,4003,Paramount,Silence (2016),
2014-11-06T08:01:04.000Z,2Byk9Is3TjY,Into The Woods Trailer - Now Playing In Theaters!,12522803,38603,2308,0,3292,Disney,Into The Woods,
2015-12-14T16:03:45.000Z,XRVD32rnzOw,Star Trek Beyond - Trailer (2016) - Paramount Pictures,18853055,67708,26922,0,19398,Paramount,Star Trek Beyond,
2016-05-21T04:10:53.000Z,dCyv5xKIqlw,"Star Trek Beyond Official Trailer #2 (2016) - Chris Pine, Zachary Quinto Movie HD",4355853,23837,1176,0,3496,Paramount,Star Trek Beyond ,
2010-11-22T22:08:06.000Z,yBFUAW6jC_M,MARS NEEDS MOMS Trailer #1,1063675,2138,597,0,244,Disney,MARS NEEDS MOMS,
2017-07-27T13:27:10.000Z,cBezc1S1BAQ,"Suburbicon Official Trailer #1 (2017) Matt Damon, Oscar Isaac Crime Comedy HD",4723063,19121,1444,0,1740,Paramount,Suburbicon,
2015-07-13T20:00:04.000Z,PLLQK9la6Go,Suicide Squad - Comic-Con First Look [HD],70255009,454473,20054,0,54631,Warner Bros,Suicide Squad,
2016-06-29T23:30:38.000Z,mjKEXxO2KNE,Sully - Official Trailer [HD],16005112,60000,2230,0,8448,Malpaso Productions,Sully,
2018-09-17T12:48:27.000Z,-3jsfXDZLIY,Mary Poppins Returns | Official Trailer,16004951,180333,9511,0,20590,Disney,Mary Poppins Returns ,
2014-06-24T15:56:39.000Z,OdgNSJiWJTo,"Teenage Mutant Ninja Turtles Official Trailer #2 (2014) - Whoopi Goldberg, Megan Fox Movie HD",4509969,12247,1068,0,2536,Paramount,Teenage Mutant Ninja Turtles,
2015-12-10T05:45:30.000Z,3CKgLNGfdSM,Teenage Mutant Ninja Turtles: Out of the Shadows Official Trailer #1 (2016) - Megan Fox Movie HD,5639521,29111,2004,0,3827,Paramount,Teenage Mutant Ninja Turtles: Out of the Shadows,
2015-09-22T12:44:46.000Z,vgqG3ITMv1Q,The Big Short Trailer (2015) ‐ Paramount Pictures,9538361,22293,1024,0,2766,Paramount,The Big Short,
2018-02-09T16:00:03.000Z,jrxBaaINseI,THE CLOVERFIELD PARADOX | Trailer [HD] | Netflix,2110616,7402,737,0,1062,Paramount,THE CLOVERFIELD PARADOX,
2018-09-04T13:01:53.000Z,SYb-wkehT1g,THE FAVOURITE | Official Trailer | FOX Searchlight,9737469,33267,1302,0,2029,20th Century FOX,THE FAVOURITE ,
2014-11-05T19:21:30.000Z,Y5gPQXbFs9Y,"The Gambler Official Trailer #1 (2014) - Mark Wahlberg, Jessica Lange Movie HD",6549758,9128,676,0,814,Paramount,The Gambler ,
2016-09-15T12:47:05.000Z,LKFuXETZUsI,Moana Official Trailer,36157709,151888,8480,0,12905,Disney,Moana,
2017-06-28T13:00:13.000Z,AXCTMGYUg9A,The Greatest Showman | Official Trailer [HD] | 20th Century FOX,21138929,94923,2726,0,5321,20th Century FOX,The Greatest Showman,
2018-03-08T16:04:13.000Z,Bf6D-i8YpHg,THE GRINCH Official Trailer (2018),16012453,68542,8487,0,4429,Universal,THE GRINCH,
2018-06-25T00:20:04.000Z,3MM8OkVT0hw,The Hate U Give | Official Trailer [HD] | 20th Century FOX,19207808,220799,9003,0,21209,20th Century FOX,The Hate U Give,
2016-07-05T16:10:21.000Z,UzMhfMxRKQg,The Intervention Official Trailer 1 (2016) - Cobie Smulders Movie,1288490,4120,763,0,439,Paramount,The Intervention,
2015-12-10T00:30:06.000Z,Aj7ty6sViiU,The Legend of Tarzan - Official Teaser Trailer [HD],35130887,128821,7263,0,12313,Warner Bros,The Legend of Tarzan,
2015-04-21T16:16:58.000Z,fEPqgSNLfK8,"The Little Prince Official Trailer #1 (2015) - Marion Cotillard, Jeff Bridges Animated Movie HD",5207000,42130,548,0,3621,Paramount,The Little Prince,
2016-03-22T22:32:03.000Z,GQR5zsLHbYw,The Nice Guys - Main Trailer [HD],8530779,18152,645,0,1075,Warner Bros,The Nice Guys,
2017-07-19T13:59:40.000Z,XFYWazblaUA,THE SHAPE OF WATER | Official Trailer | FOX Searchlight,23321741,117140,6942,0,9856,20th Century FOX,THE SHAPE OF WATER,TFCF
2014-07-31T14:27:35.000Z,e9awLSibQ80,The SpongeBob Movie: Sponge Out of Water Official Trailer #1 (2015) - Animated Movie HD,1669556,12646,724,0,1439,Paramount,The SpongeBob Movie: Sponge Out of Water ,
2010-12-09T15:28:37.000Z,JOddp-nlNvQ,Thor - Trailer (OFFICIAL),24765955,57154,2324,0,13157,Marvel,Thor,
2017-04-10T13:00:10.000Z,v7MGUNV8MxU,Thor: Ragnarok Teaser Trailer [HD],50974142,600443,20361,0,55442,Marvel,Thor: Ragnarok,
2017-03-23T16:45:12.000Z,Jit3YhGx5pU,"THREE BILLBOARDS OUTSIDE EBBING, MISSOURI | Official Red Band Trailer | FOX Searchlight",8958832,36810,1800,0,3115,20th Century FOX,"THREE BILLBOARDS OUTSIDE EBBING, MISSOURI",
2014-11-25T19:14:58.000Z,wJ0Qhbm3Xj8,"Top Five Official Extended Trailer (2014) - Chris Rock, Kevin Hart Comedy Movie HD",1838391,3263,226,0,346,Paramount,Top Five,
2012-06-20T07:06:43.000Z,sED6FRXIHJc,Monsters University Teaser - Pony,6449152,23919,1087,0,3338,Disney,Monsters University,
2016-06-14T16:00:02.000Z,fPOamb6d_20,Pete&#39;s Dragon - Official US Trailer,10821849,34642,2603,0,4380,Disney,Pete's Dragon,
2014-03-05T00:37:21.000Z,dYDGqmxMZFI,Transformers: Age of Extinction Official Trailer #1 (2014) - Michael Bay Movie HD,10320847,26115,1416,0,3787,Paramount,Transformers: Age of Extinction,
2016-12-06T03:10:32.000Z,AntcyqJ6brc,Transformers: The Last Knight Official Trailer 1 (2017) - Michael Bay Movie,19673987,127059,10358,0,29696,Paramount,Transformers: The Last Knight ,
2017-04-25T19:47:08.000Z,2djWwOK0Im8,"Tulip Fever Official Trailer #1 (2017) Cara Delevingne, Alicia Vikander Drama Movie HD",3848144,31018,889,0,1161,Paramount,Tulip Fever,
2018-04-24T03:45:03.000Z,u9Mv98Gr5pY,VENOM - Official Trailer (HD),79691518,1405670,51771,0,130150,Sony,VENOM,
2016-12-09T14:00:12.000Z,UEP1Mk6Un98,War for the Planet of the Apes | Teaser Trailer [HD] | 20th Century FOX,15962094,88286,3703,0,7696,20th Century FOX,War for the Planet of the Apes ,
2015-12-17T16:20:03.000Z,2V8V6-VjnWw,"Whiskey Tango Foxtrot Official Trailer #1 (2016) - Tina Fey, Billy Bob Thorton Comedy HD",2664876,10242,755,0,853,Paramount,Whiskey Tango Foxtrot ,
2010-12-13T16:33:42.000Z,t5AqJww06bw,Pirates of The Caribbean 4 Official Trailer,6896620,20460,554,0,4495,Disney,Pirates of The Caribbean 4,
2018-03-20T12:28:59.000Z,FhwktRDG_aQ,WON&#39;T YOU BE MY NEIGHBOR? - Official Trailer [HD] - In Select Theaters June 8,5450796,115784,2568,0,10007,Tremolo Production,WON'T YOU BE MY NEIGHBOR?,
2016-11-03T16:00:54.000Z,1Q8fG0TtVAY,WONDER WOMAN - Official Trailer [HD],27610944,233087,9111,0,26082,Warner Bros,WONDER WOMAN,
2013-05-28T17:23:48.000Z,YRjztG65XgI,Planes Official Trailer #1 (2013) - Dane Cook Disney Animated Movie HD,897045,1858,520,0,538,Disney,Planes,
2015-12-11T13:59:49.000Z,COvnHv42T-A,X-Men: Apocalypse | Teaser Trailer [HD] | 20th Century FOX,54652382,283619,18435,0,39821,20th Century FOX,X-Men: Apocalypse,
2016-11-01T22:54:01.000Z,xEuM4IUFWu8,xXx: The Return of Xander Cage Official Trailer #1 (2017) Vin Diesel Action Movie HD,15552116,74033,5227,0,8214,Paramount,xXx: The Return of Xander Cage,
2015-11-18T13:00:52.000Z,4CL4LNWHegk,Zoolander 2 Trailer (2016) - Paramount Pictures,21972647,83700,5377,0,8802,Paramount,Zoolander 2,
2014-02-05T18:33:01.000Z,uYXxqwk7EMY,Planes: Fire &amp; Rescue Official Trailer #2 (2014) - Disney Sequel HD,136976,745,310,0,206,Disney,Planes: Fire & Rescue,
2009-11-04T17:26:05.000Z,bZ7Li5w2I-k,PRINCE OF PERSIA: THE SANDS OF TIME MOVIE TRAILER,5351098,9639,507,0,1406,Disney,PRINCE OF PERSIA: THE SANDS OF TIME ,
2016-05-10T16:02:06.000Z,z4l3-_yub5A,Queen of Katwe - Official Trailer,3065100,17063,606,0,1765,Disney,Queen of Katwe ,
2018-06-04T16:00:03.000Z,_BcYBFC6zfY,Ralph Breaks the Internet: Wreck-It Ralph 2 Official Trailer,18981005,238641,14952,0,38740,Disney,Ralph Breaks the Internet: Wreck-It Ralph 2,
2016-04-07T11:49:27.000Z,Wji-BZ0oCwg,ROGUE ONE: A STAR WARS STORY Official Teaser Trailer,45257837,406085,21496,0,88157,Disney,ROGUE ONE: A STAR WARS STORY ,
2018-04-09T00:45:48.000Z,jPEYpryMp2s,Solo: A Star Wars Story Official Trailer,18784904,215407,26946,0,31859,Disney,Solo: A Star Wars Story,
2017-04-14T15:56:13.000Z,zB4I68XVPzQ,Star Wars: The Last Jedi Official Teaser,45085861,593372,30984,0,50522,Disney,Star Wars: The Last Jedi ,
2010-09-15T22:49:43.000Z,JYKpIr1lSG0,Tangled - Official Trailer 2,3091643,3904,467,0,146,Disney,Tangled,
2016-10-03T01:06:21.000Z,1xo3af_6_Jk,Teaser Trailer: Pirates of the Caribbean: Dead Men Tell No Tales,20862170,161900,5130,0,15051,Disney,Pirates of the Caribbean: Dead Men Tell No Tales,
2015-07-21T16:00:00.000Z,O-RgquKVTPE,The Good Dinosaur - Official US Trailer,18739306,44528,3546,0,6278,Disney,The Good Dinosaur ,
2015-09-15T16:00:03.000Z,HcgJRQWxKnw,The Jungle Book Official US Teaser Trailer,25685827,86805,4785,0,10241,Disney,The Jungle Book ,
2018-11-22T22:32:21.000Z,4CbLXeGSDxg,The Lion King Official Teaser Trailer,68931970,1355444,45820,0,117452,Disney,The Lion King,
2017-10-03T21:59:24.000Z,xNWSGRD5CzU,Toy Story 2 (1999) Trailer #1 | Movieclips Classic Trailers,154553,552,39,0,47,Disney,Toy Story 2,
2009-10-13T22:26:06.000Z,JcpWXaA2qeg,Toy Story 3: Trailer,9989582,12832,2140,0,615,Disney,Toy Story 3,
2010-03-09T01:30:54.000Z,L9szn1QQfas,TRON: LEGACY Official Trailer,12862078,28640,1210,0,4376,Disney,TRON: LEGACY,
2010-11-09T02:08:48.000Z,QbFz--GCkOM,Winnie the Pooh Official Trailer,3303444,14724,448,0,2919,Disney,Winnie the Pooh,
2012-06-06T19:29:50.000Z,vf4r5q8-aWo,Wreck-It Ralph Official Trailer #1 (2012) Disney Animated Movie HD,2710483,8750,444,0,2031,Disney,Wreck-It Ralph ,
2015-06-11T15:58:28.000Z,g9lmhBYB11U,Zootopia US Teaser Trailer,15061033,60364,3466,0,12195,Disney,Zootopia,